{"0": [[0.0, 0.0, -2.626647472381592], [-0.2643146514892578, 0.345109760761261, -3.2357919216156006], [-0.4112473726272583, 1.153719186782837, -3.2807915210723877], [-0.24354620277881622, 1.8212902545928955, -3.648775339126587], [-0.2645553946495056, 2.1475212574005127, -4.554493427276611], [-0.3054661750793457, 2.151655673980713, -3.859525203704834], [-0.41897353529930115, 1.6862410306930542, -4.123405456542969], [-0.1147041842341423, 1.1996204853057861, -4.730833053588867], [0.05426276847720146, 0.8310606479644775, -5.395164966583252], [-0.03182306885719299, 0.6949512362480164, -4.850759029388428]], "1": [[0.0, 0.0, -2.623566150665283], [-0.23771587014198303, 0.05204511806368828, -2.465756893157959], [-0.5362012386322021, 0.128090038895607, -3.1704225540161133], [-0.8333234190940857, -0.0036520834546536207, -3.8310723304748535], [-0.9730393886566162, -0.3843635022640228, -3.781059980392456], [-0.4413321316242218, -0.8989654779434204, -3.6500306129455566], [-0.21967928111553192, -1.5782406330108643, -4.384044647216797], [-0.06734774261713028, -2.2505807876586914, -5.003499984741211], [0.17665448784828186, -2.656845808029175, -4.592531204223633], [0.15509648621082306, -2.84956693649292, -5.36840295791626]], "2": [[0.0, 0.0, -2.6241953372955322], [0.21005253493785858, -0.2047184258699417, -3.0563111305236816], [0.760124146938324, -0.4997248351573944, -2.5833702087402344], [0.9931740164756775, -0.2627961337566376, -2.6509816646575928], [0.6531840562820435, -0.09198865294456482, -2.2688629627227783], [0.6490501761436462, -0.33108240365982056, -2.047457218170166], [1.087490439414978, -0.651475727558136, -1.4109776020050049], [1.0354353189468384, -0.9027198553085327, -1.6772466897964478], [0.9813656210899353, -1.0318094491958618, -2.0148327350616455], [1.2989507913589478, -1.0773725509643555, -1.235062599182129]], "3": [[0.0, 0.0, -2.623566150665283], [-0.1563158482313156, -0.11295732110738754, -2.243175983428955], [-0.6468456983566284, -0.31155189871788025, -2.5096099376678467], [-1.3602384328842163, -0.307522714138031, -3.187220811843872], [-2.192516326904297, -0.42850151658058167, -2.431492567062378], [-2.60071063041687, -0.9583538174629211, -2.109107255935669], [-2.1755754947662354, -1.1816123723983765, -2.1908740997314453], [-1.3548165559768677, -0.7779138088226318, -2.592026472091675], [-0.4135282039642334, -0.35630956292152405, -3.3420403003692627], [0.27764952182769775, -0.601188063621521, -3.615919589996338]], "4": [[0.0, 0.0, -2.6229424476623535], [0.03192358464002609, 0.21419459581375122, -2.1288366317749023], [-0.010261529125273228, 0.6527535915374756, -1.8972645998001099], [-0.27817267179489136, 1.1821171045303345, -1.563975214958191], [-0.4235883951187134, 1.9830355644226074, -0.9948638081550598], [-0.4192204475402832, 2.592451333999634, -0.43692535161972046], [-0.48589178919792175, 2.577119827270508, 0.2459474802017212], [-0.46701255440711975, 2.571469306945801, 1.0660830736160278], [-0.362699031829834, 2.973313331604004, 1.909452199935913], [0.011581696569919586, 3.129814386367798, 2.0685911178588867]], "5": [[0.0, 0.0, -2.6236188411712646], [0.26784053444862366, -0.33550480008125305, -3.2895076274871826], [0.5619872212409973, -0.5106743574142456, -3.215352773666382], [0.4510546922683716, -0.06131589412689209, -3.4523732662200928], [0.5594760775566101, -0.0999128445982933, -3.003896474838257], [0.8067753911018372, -0.42512577772140503, -3.28056001663208], [0.5905570387840271, -0.14597496390342712, -3.3492283821105957], [0.352192759513855, 0.5169579386711121, -3.8608529567718506], [0.21316713094711304, 0.7355968952178955, -3.8148088455200195], [0.2187443971633911, 0.6965823769569397, -4.666411876678467]], "6": [[0.0, 0.0, -2.6236181259155273], [0.176693856716156, 0.1809879094362259, -1.8556808233261108], [0.7162915468215942, 0.6881483793258667, -1.5021278858184814], [1.0242825746536255, 1.3158634901046753, -2.408029556274414], [0.8169123530387878, 2.0564286708831787, -3.147091865539551], [0.7054629325866699, 2.4055545330047607, -3.1076107025146484], [1.122087001800537, 2.1515419483184814, -3.26625919342041], [1.3782049417495728, 2.038907527923584, -4.1672186851501465], [1.444326639175415, 1.7019009590148926, -4.153351306915283], [2.011918544769287, 0.966664731502533, -4.746882438659668]], "7": [[0.0, 0.0, -2.623566150665283], [0.2824132442474365, -0.11689931154251099, -2.784186601638794], [0.9370812773704529, -0.22370560467243195, -3.3949575424194336], [1.0843180418014526, 0.10048429667949677, -3.3841209411621094], [0.9153481721878052, 0.30994439125061035, -2.6130175590515137], [1.093833088874817, 0.12396064400672913, -2.631646156311035], [0.9937727451324463, 0.3880128860473633, -2.0775372982025146], [0.7185854315757751, 0.6011956930160522, -2.4577102661132812], [0.878629207611084, 0.2564464509487152, -3.437438488006592], [1.1210626363754272, 0.2020762413740158, -3.560513496398926]], "8": [[0.0, 0.0, -2.623566150665283], [0.27216634154319763, 0.027675703167915344, -2.339400291442871], [0.7797179222106934, 0.08855956792831421, -1.7168605327606201], [1.0866129398345947, 0.3517581820487976, -1.2111058235168457], [0.8646557927131653, 0.38826194405555725, -1.7144644260406494], [0.26269349455833435, -0.15256576240062714, -1.8220041990280151], [-0.2925441563129425, -0.933740496635437, -2.745816230773926], [-0.7583858966827393, -1.648211121559143, -2.082169532775879], [-0.8213359713554382, -2.197463274002075, -2.6943893432617188], [-0.7431421875953674, -2.460749387741089, -2.4759626388549805]], "9": [[0.0, 0.0, -2.6241953372955322], [-0.057618726044893265, -0.19652585685253143, -1.6866689920425415], [-0.35680118203163147, -0.7452712059020996, -2.186887502670288], [-0.7358678579330444, -0.8519646525382996, -2.2832143306732178], [-0.9818061590194702, -0.7755115628242493, -2.618497848510742], [-1.0201929807662964, -0.793648898601532, -2.383366346359253], [-1.0898945331573486, -0.30600547790527344, -2.89664363861084], [-1.4242591857910156, 0.02770589478313923, -3.760476589202881], [-1.7198683023452759, 0.26040393114089966, -4.573805809020996], [-1.6057852506637573, 0.06570590287446976, -5.462107181549072]]}